{"cameraMode":{"drawMode":0,"name":"Shaded","section":"Shading Mode"},"sceneLighting":true,"audioPlay":false,"sceneViewState":{"showFog":true,"showMaterialUpdate":false,"showSkybox":true,"showFlares":true,"showImageEffects":true,"showParticleSystems":true},"in2DMode":false,"pivot":{"x":-11.180723190307618,"y":-1.4373811483383179,"z":-7.6786699295043949},"rotation":{"x":-0.032281965017318729,"y":0.8876481652259827,"z":-0.06296911835670471,"w":-0.45505329966545107},"size":22.0,"orthographic":false}