{"cameraMode":{"drawMode":0,"name":"Shaded","section":"Shading Mode"},"sceneLighting":false,"audioPlay":false,"sceneViewState":{"showFog":true,"showMaterialUpdate":false,"showSkybox":true,"showFlares":true,"showImageEffects":true,"showParticleSystems":true},"in2DMode":false,"pivot":{"x":0.11760382354259491,"y":0.6119617223739624,"z":-1.5656381845474244},"rotation":{"x":-0.006305672228336334,"y":-0.053077973425388339,"z":0.00033390443422831595,"w":-0.998570442199707},"size":2.3334522247314455,"orthographic":false}